{
  "project_info": {
    "project_number": "864952361242",
    "project_id": "spendsmart-f5c99",
    "storage_bucket": "spendsmart-f5c99.appspot.com"
  },
  "client": [
    {
      "client_info": {
        "mobilesdk_app_id": "1:864952361242:android:783fafe5441bb5d7e34ca3",
        "android_client_info": {
          "package_name": "com.br.cardosofgui.kittyexpensemanagement"
        }
      },
      "oauth_client": [
        {
          "client_id": "864952361242-nmkgahch1ka9a68aa90tc9jqogsigihd.apps.googleusercontent.com",
          "client_type": 1,
          "android_info": {
            "package_name": "com.br.cardosofgui.kittyexpensemanagement",
            "certificate_hash": "9bbb3186b2189ef16d8f272bdab59362c395cbb4"
          }
        },
        {
          "client_id": "864952361242-rltbe9ikltb22p9oasoencmr4vm83cpt.apps.googleusercontent.com",
          "client_type": 1,
          "android_info": {
            "package_name": "com.br.cardosofgui.kittyexpensemanagement",
            "certificate_hash": "4143dbeb111b8545d57122cb9f00a0c601c7ab3b"
          }
        },
        {
          "client_id": "864952361242-hjvg19cmdq3p52gv0e91rebkl0jsc22h.apps.googleusercontent.com",
          "client_type": 3
        }
      ],
      "api_key": [
        {
          "current_key": "AIzaSyBk7OpbShMteAJQmbU0KY4dNSu4SP0RYNQ"
        }
      ],
      "services": {
        "appinvite_service": {
          "other_platform_oauth_client": [
            {
              "client_id": "864952361242-6qomhifkdmmua4jh9a7rrptq5c26vlj3.apps.googleusercontent.com",
              "client_type": 3
            },
            {
              "client_id": "864952361242-05s0bphlufm01njl7k18m5jq1sq0l226.apps.googleusercontent.com",
              "client_type": 2,
              "ios_info": {
                "bundle_id": "com.br.cardosofgui.kittyexpensemanagement"
              }
            }
          ]
        }
      }
    }
  ],
  "configuration_version": "1"
}